ref,qty,item,specification,supplier,part_number,unit_usd,line_usd,price_status,url,notes
U2,1,Waveshare 10.3inch e-Paper HAT,"1872x1404, 16 grays, IT8951 driver board, rigid glass panel",Waveshare,SKU 18434,157.00,157.00,seen 2026-09-26 ($156.59-159.99),https://www.waveshare.com/10.3inch-e-paper-hat.htm,"Kit includes panel, adapter board, 40-pin FFC and a PH2.0 8-pin cable. Also on Amazon (B08KDMY48R)."
U1,1,Seeed Studio XIAO ESP32S3,"ESP32-S3, 8 MB flash, 8 MB PSRAM, USB-C, U.FL + FPC antenna",Seeed Studio,113991114,7.49,7.49,seen 2026-09-26,https://www.seeedstudio.com/XIAO-ESP32S3-p-5627.html,DigiKey 1597-113991114-ND. Not the Sense version.
U3,1,Adafruit MiniBoost 5V @ 1A,"TPS61023 booster, EN pin, output fully disconnected when off",Adafruit,4654,3.95,3.95,seen 2026-09-26,https://www.adafruit.com/product/4654,"Replaces the Pololu U3V16F5, which does not disconnect its output when disabled (the battery reaches the HAT through the inductor and diode)."
U4,1,TP4056 USB-C Li-ion charger module with protection,"1 A charge, DW01A + FS8205A protection, B+/B- and OUT+/OUT- pads",Amazon / AliExpress,"search: ""TP4056 Type-C protection""",1.00,1.00,typical (10-packs ~$8-10),,The XIAO's own charger gives 100 mA (about 50 h for 5000 mAh); this one charges in about 5-6 h. Some USB-C modules lack the CC resistors and only charge from a USB-A to C cable.
BT1,1,LiPo battery 3.7 V 5000 mAh,"6 x 60 x 100 mm (6060100), protection circuit, JST-PH 2.0 lead",Amazon / YDL,6060100,16.00,16.00,typical,https://ydlbattery.com/products/3-7v-5000mah-6060100-lithium-polymer-ion-battery,Alternative 10 x 50 x 80 mm (105080). JST-PH polarity is not standard: check red/black with a meter.
M1-M4,4,Rubber-coated pot magnet with M4 thread,"22 mm x 6 mm, ~5.9 kg pull, ~1.8 kg shear (on thick steel)",supermagnete,ITNG-22,4.50,18.00,approx. (EUR 4.07),https://www.supermagnete.de/eng/magnet-systems-internal-threads/neodymium-magnet-system-22mm-black-rubber-coated-with-internal-thread_ITNG-22,US alternative: 22 mm rubber-coated magnets with M4 female thread (Amazon); keep 22 mm or change the enclosure parameter.
,4,M4 x 6 mm button-head screw,A2 stainless,Hardware store / Amazon,,0.25,1.00,typical,,Holds each magnet from inside. Must not be longer than 6 mm.
SW1-SW3,3,Tactile switch 12 x 12 mm,"7.3 mm tall, through-hole",DigiKey,Omron B3F-4050 (SW413-ND),0.60,1.80,typical,https://www.digikey.com/en/products/detail/omron-electronics-inc-emc-div/B3F-4050/95200,Any 12x12x7.3 mm tactile switch works; the printed caps replace the switch caps.
R1-R2,2,Resistor 220 kOhm 1%,1/4 W through-hole,DigiKey,Yageo MFR-25FBF52-220K,0.10,0.20,typical,https://www.digikey.com/en/products/detail/yageo/MFR-25FBF52-220K/9138096,Battery divider.
R3,1,Resistor 1 kOhm 1%,1/4 W through-hole,DigiKey,Yageo MFR-25FBF52-1K,0.10,0.10,typical,,In series with the HAT RST line.
R4,1,Resistor 4.7 kOhm 1%,1/4 W through-hole,DigiKey,Yageo MFR-25FBF52-4K7,0.10,0.10,typical,,Pull-down on MiniBoost EN.
C1,1,Capacitor 100 nF,"50 V X7R, radial",DigiKey,KEMET C320C104J5R5TA7301,0.30,0.30,typical,,Battery divider filter.
C2,1,Capacitor 220 uF 10 V,"low-ESR electrolytic, radial",DigiKey,Panasonic EEU-FR1A221,0.40,0.40,typical,,5 V rail at the HAT.
C3,1,Capacitor 470 uF 6.3 V,"low-ESR electrolytic, radial",DigiKey,Panasonic EEU-FR0J471,0.45,0.45,typical,https://www.digikey.com/en/products/detail/panasonic-electronic-components/EEU-FR0J471/3072278,Battery rail at the booster input.
J1,1,JST-PH 2-pin socket or pigtail,2.0 mm pitch,Adafruit,261,0.75,0.75,seen 2026-09-26,https://www.adafruit.com/product/261,Lets the battery be unplugged.
J2-J3,1,Pin headers 2.54 mm,"1x40 male strip (cut to 1x8 and 1x4), 2x 1x7 female for the XIAO (optional)",Amazon / DigiKey,,1.00,1.00,typical,,
PCB1-PCB2,2,Protoboard,"5 x 7 cm double-sided, 2.54 mm",Amazon,,0.80,1.60,typical (10-packs ~$8),,Cut to 70 x 35 mm (carrier) and 84 x 20 mm (buttons).
,1,Hook-up wire,"26 AWG silicone (power), 28-30 AWG (signals)",Adafruit,2517 / 2513,5.00,5.00,typical,https://www.adafruit.com/product/2517,Leftovers are fine.
,8,M3 heat-set insert + M3 x 8 countersunk screw,insert 4.0 mm hole x 5 mm; flat-head screw ISO 10642 / DIN 7991,Adafruit / Amazon,4255,0.25,2.00,typical ($5.95 / 50 inserts),https://www.adafruit.com/product/4255,Back cover to bezel. Countersunk so the heads sit flush: a raised head would hold the magnets off the door.
,8,M2.5 heat-set insert + M2.5 x 6 screw,insert 3.6 mm hole x 4.2 mm; pan or button head,Amazon,,0.20,1.60,typical,,"Driver HAT on the printed standoffs (4), carrier (2), button strip (2)."
,250,PETG filament (g),,Polymaker / Prusament / Elegoo,,0.02,5.00,seen 2026-09-26 (~$19-25/kg),,"Bezel ~120 g, back ~100 g, caps and stand ~30 g."
,1,Foam tape,"1 mm double-sided EVA/PE foam, 0.5 mm for the window gasket",Amazon,,5.00,5.00,typical,,Holds the panel flat without point loads.
,1,Kapton tape,10 mm,Adafruit,3057,3.00,3.00,typical,https://www.adafruit.com/product/3057,Insulates the back of the boards.
SW4,1,Slide switch SPDT (optional),panel power switch in series with OUT+,DigiKey / Amazon,,0.50,0.50,typical,,Optional: fully off for storage; charging still works.
